{
  "scoring_method": "regex",
  "baseline_score_mean": 0.35575,
  "chat_reference_score_mean": 0.72125,
  "causal_scores": {
    "patch_chat_top3400": {
      "baseline_mean": 0.35575,
      "patched_mean": 0.38049999999999995,
      "chat_mean": 0.72125,
      "causal_effect": 0.0677154582763338,
      "causal_score_raw": 0.02475,
      "causal_score_std": 0.11905854652228877,
      "improved_count": 33,
      "degraded_count": 13,
      "unchanged_count": 154,
      "total": 200
    },
    "patch_random_top3400": {
      "baseline_mean": 0.35575,
      "patched_mean": 0.36849999999999994,
      "chat_mean": 0.72125,
      "causal_effect": 0.03488372093023256,
      "causal_score_raw": 0.01275,
      "causal_score_std": 0.11565006485082487,
      "improved_count": 26,
      "degraded_count": 16,
      "unchanged_count": 158,
      "total": 200
    },
    "patch_chat_top6800": {
      "baseline_mean": 0.35575,
      "patched_mean": 0.36450000000000005,
      "chat_mean": 0.72125,
      "causal_effect": 0.02393980848153215,
      "causal_score_raw": 0.00875,
      "causal_score_std": 0.13669651604923952,
      "improved_count": 30,
      "degraded_count": 24,
      "unchanged_count": 146,
      "total": 200
    },
    "patch_random_top6800": {
      "baseline_mean": 0.35575,
      "patched_mean": 0.3435,
      "chat_mean": 0.72125,
      "causal_effect": -0.033515731874145006,
      "causal_score_raw": -0.01225,
      "causal_score_std": 0.13476808783981464,
      "improved_count": 21,
      "degraded_count": 32,
      "unchanged_count": 147,
      "total": 200
    },
    "patch_chat_top10200": {
      "baseline_mean": 0.35575,
      "patched_mean": 0.37325,
      "chat_mean": 0.72125,
      "causal_effect": 0.04787961696306428,
      "causal_score_raw": 0.017499999999999995,
      "causal_score_std": 0.1513068075137401,
      "improved_count": 39,
      "degraded_count": 27,
      "unchanged_count": 134,
      "total": 200
    },
    "patch_random_top10200": {
      "baseline_mean": 0.35575,
      "patched_mean": 0.35975,
      "chat_mean": 0.72125,
      "causal_effect": 0.01094391244870041,
      "causal_score_raw": 0.004,
      "causal_score_std": 0.14145317246354003,
      "improved_count": 32,
      "degraded_count": 29,
      "unchanged_count": 139,
      "total": 200
    },
    "patch_chat_top13600": {
      "baseline_mean": 0.35575,
      "patched_mean": 0.40975,
      "chat_mean": 0.72125,
      "causal_effect": 0.1477428180574555,
      "causal_score_raw": 0.05399999999999999,
      "causal_score_std": 0.1604961058717625,
      "improved_count": 51,
      "degraded_count": 14,
      "unchanged_count": 135,
      "total": 200
    },
    "patch_random_top13600": {
      "baseline_mean": 0.35575,
      "patched_mean": 0.37975000000000003,
      "chat_mean": 0.72125,
      "causal_effect": 0.06566347469220248,
      "causal_score_raw": 0.024000000000000004,
      "causal_score_std": 0.1376553667678816,
      "improved_count": 36,
      "degraded_count": 17,
      "unchanged_count": 147,
      "total": 200
    },
    "patch_chat_top17000": {
      "baseline_mean": 0.35575,
      "patched_mean": 0.41325,
      "chat_mean": 0.72125,
      "causal_effect": 0.15731874145006836,
      "causal_score_raw": 0.05749999999999998,
      "causal_score_std": 0.17325919888998678,
      "improved_count": 54,
      "degraded_count": 19,
      "unchanged_count": 127,
      "total": 200
    },
    "patch_random_top17000": {
      "baseline_mean": 0.35575,
      "patched_mean": 0.37375,
      "chat_mean": 0.72125,
      "causal_effect": 0.049247606019151846,
      "causal_score_raw": 0.018,
      "causal_score_std": 0.13463283403390125,
      "improved_count": 33,
      "degraded_count": 20,
      "unchanged_count": 147,
      "total": 200
    },
    "patch_chat_top20400": {
      "baseline_mean": 0.35575,
      "patched_mean": 0.42325,
      "chat_mean": 0.72125,
      "causal_effect": 0.18467852257181935,
      "causal_score_raw": 0.06749999999999998,
      "causal_score_std": 0.1794958216783889,
      "improved_count": 55,
      "degraded_count": 15,
      "unchanged_count": 130,
      "total": 200
    },
    "patch_random_top20400": {
      "baseline_mean": 0.35575,
      "patched_mean": 0.36800000000000005,
      "chat_mean": 0.72125,
      "causal_effect": 0.033515731874145006,
      "causal_score_raw": 0.01225,
      "causal_score_std": 0.13091003590252354,
      "improved_count": 32,
      "degraded_count": 22,
      "unchanged_count": 146,
      "total": 200
    },
    "patch_chat_top23800": {
      "baseline_mean": 0.35575,
      "patched_mean": 0.3985,
      "chat_mean": 0.72125,
      "causal_effect": 0.11696306429548563,
      "causal_score_raw": 0.042749999999999996,
      "causal_score_std": 0.17595436198059997,
      "improved_count": 46,
      "degraded_count": 22,
      "unchanged_count": 132,
      "total": 200
    },
    "patch_random_top23800": {
      "baseline_mean": 0.35575,
      "patched_mean": 0.36425,
      "chat_mean": 0.72125,
      "causal_effect": 0.023255813953488375,
      "causal_score_raw": 0.0085,
      "causal_score_std": 0.13574884898222894,
      "improved_count": 32,
      "degraded_count": 25,
      "unchanged_count": 143,
      "total": 200
    },
    "patch_chat_top27200": {
      "baseline_mean": 0.35575,
      "patched_mean": 0.42875,
      "chat_mean": 0.72125,
      "causal_effect": 0.1997264021887825,
      "causal_score_raw": 0.073,
      "causal_score_std": 0.20030227157973018,
      "improved_count": 52,
      "degraded_count": 15,
      "unchanged_count": 133,
      "total": 200
    },
    "patch_random_top27200": {
      "baseline_mean": 0.35575,
      "patched_mean": 0.35575,
      "chat_mean": 0.72125,
      "causal_effect": 0.0,
      "causal_score_raw": 0.0,
      "causal_score_std": 0.13481468762712764,
      "improved_count": 27,
      "degraded_count": 26,
      "unchanged_count": 147,
      "total": 200
    },
    "patch_chat_top34100": {
      "baseline_mean": 0.35575,
      "patched_mean": 0.44425000000000003,
      "chat_mean": 0.72125,
      "causal_effect": 0.24213406292749654,
      "causal_score_raw": 0.08849999999999998,
      "causal_score_std": 0.22134305952525368,
      "improved_count": 60,
      "degraded_count": 19,
      "unchanged_count": 121,
      "total": 200
    },
    "patch_random_top34100": {
      "baseline_mean": 0.35575,
      "patched_mean": 0.37400000000000005,
      "chat_mean": 0.72125,
      "causal_effect": 0.04993160054719562,
      "causal_score_raw": 0.01825,
      "causal_score_std": 0.12953546811587935,
      "improved_count": 34,
      "degraded_count": 19,
      "unchanged_count": 147,
      "total": 200
    },
    "patch_chat_top54600": {
      "baseline_mean": 0.35575,
      "patched_mean": 0.48675,
      "chat_mean": 0.72125,
      "causal_effect": 0.3584131326949384,
      "causal_score_raw": 0.13099999999999998,
      "causal_score_std": 0.2279561361314935,
      "improved_count": 80,
      "degraded_count": 13,
      "unchanged_count": 107,
      "total": 200
    },
    "patch_random_top54600": {
      "baseline_mean": 0.35575,
      "patched_mean": 0.36375,
      "chat_mean": 0.72125,
      "causal_effect": 0.021887824897400817,
      "causal_score_raw": 0.007999999999999998,
      "causal_score_std": 0.1440867794074113,
      "improved_count": 35,
      "degraded_count": 29,
      "unchanged_count": 136,
      "total": 200
    },
    "patch_chat_top75100": {
      "baseline_mean": 0.35575,
      "patched_mean": 0.597,
      "chat_mean": 0.72125,
      "causal_effect": 0.6600547195622434,
      "causal_score_raw": 0.24124999999999994,
      "causal_score_std": 0.27103678255912056,
      "improved_count": 115,
      "degraded_count": 8,
      "unchanged_count": 77,
      "total": 200
    },
    "patch_random_top75100": {
      "baseline_mean": 0.35575,
      "patched_mean": 0.36700000000000005,
      "chat_mean": 0.72125,