{
  "scoring_method": "cost model",
  "baseline_score_mean": 5.0142614364624025,
  "chat_reference_score_mean": -15.02359130859375,
  "last_n": 15,
  "per_layer_frac_list": [
    0.0667,
    0.133,
    0.2,
    0.333,
    0.467,
    0.667,
    1.0
  ],
  "causal_scores": {
    "patch_last15_top734_per_layer": {
      "baseline_mean": 5.0142614364624025,
      "patched_mean": 2.66374755859375,
      "chat_mean": -15.02359130859375,
      "causal_effect": 0.11730368057767986,
      "causal_score_raw": -2.3505138778686523,
      "causal_score_std": 8.954724289915065,
      "improved_count": 121,
      "degraded_count": 78,
      "unchanged_count": 1,
      "total": 200,
      "n_neurons": 11010,
      "n_layers": 15,
      "per_layer_topk": 734,
      "per_layer_frac": 0.0667,
      "desc": "Last 15 layers, top 734/layer (0.0667, total 11010 neurons)"
    },
    "patch_last15_top1464_per_layer": {
      "baseline_mean": 5.0142614364624025,
      "patched_mean": 1.1019087219238282,
      "chat_mean": -15.02359130859375,
      "causal_effect": 0.19524810189574085,
      "causal_score_raw": -3.9123527145385744,
      "causal_score_std": 10.701638869442451,
      "improved_count": 125,
      "degraded_count": 74,
      "unchanged_count": 1,
      "total": 200,
      "n_neurons": 21960,
      "n_layers": 15,
      "per_layer_topk": 1464,
      "per_layer_frac": 0.133,
      "desc": "Last 15 layers, top 1464/layer (0.1330, total 21960 neurons)"
    },
    "patch_last15_top2201_per_layer": {
      "baseline_mean": 5.0142614364624025,
      "patched_mean": -3.2882000732421877,
      "chat_mean": -15.02359130859375,
      "causal_effect": 0.4143388822813372,
      "causal_score_raw": -8.30246150970459,
      "causal_score_std": 12.088743213015263,
      "improved_count": 148,
      "degraded_count": 52,
      "unchanged_count": 0,
      "total": 200,
      "n_neurons": 33015,
      "n_layers": 15,
      "per_layer_topk": 2201,
      "per_layer_frac": 0.2,
      "desc": "Last 15 layers, top 2201/layer (0.2000, total 33015 neurons)"
    },
    "patch_last15_top3665_per_layer": {
      "baseline_mean": 5.0142614364624025,
      "patched_mean": -7.915458984375,
      "chat_mean": -15.02359130859375,
      "causal_effect": 0.6452647689023212,
      "causal_score_raw": -12.929720420837402,
      "causal_score_std": 12.252175983768364,
      "improved_count": 172,
      "degraded_count": 28,
      "unchanged_count": 0,
      "total": 200,
      "n_neurons": 54975,
      "n_layers": 15,
      "per_layer_topk": 3665,
      "per_layer_frac": 0.333,
      "desc": "Last 15 layers, top 3665/layer (0.3330, total 54975 neurons)"
    },
    "patch_last15_top5140_per_layer": {
      "baseline_mean": 5.0142614364624025,
      "patched_mean": -9.515322875976562,
      "chat_mean": -15.02359130859375,
      "causal_effect": 0.7251068513827552,
      "causal_score_raw": -14.529584312438965,
      "causal_score_std": 11.898671034330981,
      "improved_count": 180,
      "degraded_count": 20,
      "unchanged_count": 0,
      "total": 200,
      "n_neurons": 77100,
      "n_layers": 15,
      "per_layer_topk": 5140,
      "per_layer_frac": 0.467,
      "desc": "Last 15 layers, top 5140/layer (0.4670, total 77100 neurons)"
    },
    "patch_last15_top7342_per_layer": {
      "baseline_mean": 5.0142614364624025,
      "patched_mean": -11.3541943359375,
      "chat_mean": -15.02359130859375,
      "causal_effect": 0.8168767372760745,
      "causal_score_raw": -16.3684557723999,
      "causal_score_std": 12.227050104351848,
      "improved_count": 187,
      "degraded_count": 13,
      "unchanged_count": 0,
      "total": 200,
      "n_neurons": 110130,
      "n_layers": 15,
      "per_layer_topk": 7342,
      "per_layer_frac": 0.667,
      "desc": "Last 15 layers, top 7342/layer (0.6670, total 110130 neurons)"
    },
    "patch_last15_top11008_per_layer": {
      "baseline_mean": 5.0142614364624025,
      "patched_mean": -12.73139892578125,
      "chat_mean": -15.02359130859375,
      "causal_effect": 0.8856068855292869,
      "causal_score_raw": -17.74566036224365,
      "causal_score_std": 12.134939975902572,
      "improved_count": 187,
      "degraded_count": 13,
      "unchanged_count": 0,
      "total": 200,
      "n_neurons": 165120,
      "n_layers": 15,
      "per_layer_topk": 11008,
      "per_layer_frac": 1.0,
      "desc": "Last 15 layers, top 11008/layer (1.0000, total 165120 neurons)"
    }
  }
}