{
  "scoring_method": "cost model",
  "baseline_score_mean": 5.0142614364624025,
  "chat_reference_score_mean": -15.02359130859375,
  "causal_scores": {
    "patch_rank1": {
      "baseline_mean": 5.0142614364624025,
      "patched_mean": 5.112619018554687,
      "chat_mean": -15.02359130859375,
      "causal_effect": -0.004908588926353522,
      "causal_score_raw": 0.09835758209228515,
      "causal_score_std": 9.463347134372832,
      "improved_count": 104,
      "degraded_count": 96,
      "unchanged_count": 0,
      "total": 200
    },
    "patch_rank2": {
      "baseline_mean": 5.0142614364624025,
      "patched_mean": 4.444501495361328,
      "chat_mean": -15.02359130859375,
      "causal_effect": 0.028434181463961924,
      "causal_score_raw": -0.5697599411010742,
      "causal_score_std": 7.8889080507955835,
      "improved_count": 95,
      "degraded_count": 103,
      "unchanged_count": 2,
      "total": 200
    },
    "patch_rank3": {
      "baseline_mean": 5.0142614364624025,
      "patched_mean": 4.751038818359375,
      "chat_mean": -15.02359130859375,
      "causal_effect": 0.013136268713621075,
      "causal_score_raw": -0.26322261810302733,
      "causal_score_std": 7.470225704762642,
      "improved_count": 103,
      "degraded_count": 94,
      "unchanged_count": 3,
      "total": 200
    },
    "patch_rank12": {
      "baseline_mean": 5.0142614364624025,
      "patched_mean": 1.2262081909179687,
      "chat_mean": -15.02359130859375,
      "causal_effect": 0.1890448689158594,
      "causal_score_raw": -3.788053245544434,
      "causal_score_std": 10.99044856277915,
      "improved_count": 131,
      "degraded_count": 69,
      "unchanged_count": 0,
      "total": 200
    },
    "patch_rank123": {
      "baseline_mean": 5.0142614364624025,
      "patched_mean": -1.6178567504882813,
      "chat_mean": -15.02359130859375,
      "causal_effect": 0.33097948524384657,
      "causal_score_raw": -6.632118186950684,
      "causal_score_std": 11.989047644985758,
      "improved_count": 137,
      "degraded_count": 63,
      "unchanged_count": 0,
      "total": 200
    },
    "patch_rank1234": {
      "baseline_mean": 5.0142614364624025,
      "patched_mean": -3.6301812744140625,
      "chat_mean": -15.02359130859375,
      "causal_effect": 0.4314056411562995,
      "causal_score_raw": -8.644442710876465,
      "causal_score_std": 12.326787223945727,
      "improved_count": 152,
      "degraded_count": 48,
      "unchanged_count": 0,
      "total": 200
    },
    "patch_rank12345": {
      "baseline_mean": 5.0142614364624025,
      "patched_mean": -4.460697631835938,
      "chat_mean": -15.02359130859375,
      "causal_effect": 0.47285301418516773,
      "causal_score_raw": -9.47495906829834,
      "causal_score_std": 13.349135219212762,
      "improved_count": 141,
      "degraded_count": 58,
      "unchanged_count": 1,
      "total": 200
    },
    "patch_rank123456": {
      "baseline_mean": 5.0142614364624025,
      "patched_mean": -8.354464302062988,
      "chat_mean": -15.02359130859375,
      "causal_effect": 0.6671735693747822,
      "causal_score_raw": -13.368725738525391,
      "causal_score_std": 14.380771623802302,
      "improved_count": 157,
      "degraded_count": 43,
      "unchanged_count": 0,
      "total": 200
    },
    "patch_rank1234567": {
      "baseline_mean": 5.0142614364624025,
      "patched_mean": -9.727087707519532,
      "chat_mean": -15.02359130859375,
      "causal_effect": 0.7356750911156885,
      "causal_score_raw": -14.741349143981934,
      "causal_score_std": 12.163960208089883,
      "improved_count": 176,
      "degraded_count": 24,
      "unchanged_count": 0,
      "total": 200
    },
    "patch_rank12345678": {
      "baseline_mean": 5.0142614364624025,
      "patched_mean": -10.6941259765625,
      "chat_mean": -15.02359130859375,
      "causal_effect": 0.7839356648082245,
      "causal_score_raw": -15.708387413024901,
      "causal_score_std": 12.419249151776167,
      "improved_count": 180,
      "degraded_count": 20,
      "unchanged_count": 0,
      "total": 200
    },
    "patch_rank123456789": {
      "baseline_mean": 5.0142614364624025,
      "patched_mean": -11.425870361328125,
      "chat_mean": -15.02359130859375,
      "causal_effect": 0.8204537685230133,
      "causal_score_raw": -16.440131797790528,
      "causal_score_std": 12.773023405692971,
      "improved_count": 181,
      "degraded_count": 19,
      "unchanged_count": 0,
      "total": 200
    },
    "patch_rank12345678910": {
      "baseline_mean": 5.0142614364624025,
      "patched_mean": -12.225458984375,
      "chat_mean": -15.02359130859375,
      "causal_effect": 0.8603576760534323,
      "causal_score_raw": -17.2397204208374,
      "causal_score_std": 12.091597795309584,
      "improved_count": 186,
      "degraded_count": 14,
      "unchanged_count": 0,
      "total": 200
    },
    "patch_rank1234567891011": {
      "baseline_mean": 5.0142614364624025,
      "patched_mean": -12.85823486328125,
      "chat_mean": -15.02359130859375,
      "causal_effect": 0.891936702357155,
      "causal_score_raw": -17.872496299743652,
      "causal_score_std": 12.239381936174613,
      "improved_count": 190,
      "degraded_count": 10,
      "unchanged_count": 0,
      "total": 200
    },
    "patch_rank123456789101112": {
      "baseline_mean": 5.0142614364624025,
      "patched_mean": -12.85823486328125,
      "chat_mean": -15.02359130859375,
      "causal_effect": 0.891936702357155,
      "causal_score_raw": -17.872496299743652,
      "causal_score_std": 12.239381936174613,
      "improved_count": 190,
      "degraded_count": 10,
      "unchanged_count": 0,
      "total": 200
    }
  },
  "layer_distributions": {
    "rank1": {
      "1": 10,
      "6": 1,
      "7": 4,
      "8": 3,
      "9": 7,
      "10": 13,
      "11": 18,
      "12": 19,
      "13": 33,
      "14": 46,
      "15": 81,
      "16": 111,
      "17": 112,
      "18": 169,
      "19": 229,
      "20": 270,
      "21": 303,
      "22": 375,
      "23": 401,
      "24": 390,
      "25": 517,
      "26": 570,
      "27": 815,
      "28": 1246,
      "29": 1956,
      "30": 3309
    },
    "rank2": {
      "1": 1,
      "6": 2,
      "7": 4,
      "8": 3,
      "9": 12,
      "10": 16,
      "11": 17,
      "12": 24,
      "13": 46,
      "14": 56,
      "15": 81,
      "16": 140,
      "17": 132,
      "18": 195,
      "19": 231,
      "20": 285,
      "21": 326,
      "22": 397,
      "23": 439,
      "24": 491,
      "25": 587,
      "26": 822,
      "27": 1068,
      "28": 1515,
      "29": 1874,
      "30": 2244
    },
    "rank3": {
      "6": 3,
      "8": 9,
      "9": 7,
      "10": 22,
      "11": 24,
      "12": 22,
      "13": 57,
      "14": 49,
      "15": 83,
      "16": 132,
      "17": 179,
      "18": 204,
      "19": 247,
      "20": 325,
      "21": 332,
      "22": 435,
      "23": 471,
      "24": 550,
      "25": 714,
      "26": 843,
      "27": 1096,
      "28": 1584,
      "29": 1842,
      "30": 1778
    },
    "rank4": {
      "6": 1,
      "7": 3,
      "8": 3,
      "9": 11,
      "10": 18,
      "11": 19,
      "12": 32,
      "13": 39,
      "14": 71,
      "15": 84,
      "16": 136,
      "17": 169,
      "18": 221,
      "19": 268,
      "20": 348,
      "21": 369,
      "22": 463,
      "23": 546,
      "24": 723,
      "25": 830,
      "26": 1038,
      "27": 1252,
      "28": 1406,
      "29": 1611,
      "30": 1347
    },
    "rank5": {
      "6": 3,
      "7": 7,
      "8": 6,
      "9": 11,
      "10": 28,
      "11": 37,
      "12": 26,
      "13": 63,
      "14": 72,
      "15": 108,
      "16": 170,
      "17": 175,
      "18": 229,
      "19": 311,
      "20": 361,
      "21": 431,
      "22": 480,
      "23": 640,
      "24": 746,
      "25": 941,
      "26": 1227,
      "27": 1323,
      "28": 1357,
      "29": 1299,
      "30": 957
    },
    "rank6": {
      "6": 2,
      "7": 4,
      "8": 4,
      "9": 10,