{
  "scoring_method": "cost model",
  "baseline_score_mean": 5.0142614364624025,
  "chat_reference_score_mean": -15.02359130859375,
  "n_layers_list": [
    1,
    2,
    3,
    4,
    5,
    7,
    10,
    15,
    31
  ],
  "total_layers": 31,
  "neurons_per_layer": 11008,
  "causal_scores": {
    "patch_last_1_layers": {
      "baseline_mean": 5.0142614364624025,
      "patched_mean": 5.6381533813476565,
      "chat_mean": -15.02359130859375,
      "causal_effect": -0.03113566871775639,
      "causal_score_raw": 0.6238919448852539,
      "causal_score_std": 7.028262012508421,
      "improved_count": 94,
      "degraded_count": 105,
      "unchanged_count": 1,
      "total": 200,
      "n_layers": 1,
      "n_neurons": 11008,
      "desc": "Last 1 layer(s) — layers 30..30"
    },
    "patch_last_2_layers": {
      "baseline_mean": 5.0142614364624025,
      "patched_mean": 6.02648666381836,
      "chat_mean": -15.02359130859375,
      "causal_effect": -0.05051565356002024,
      "causal_score_raw": 1.012225227355957,
      "causal_score_std": 8.093242153927717,
      "improved_count": 85,
      "degraded_count": 114,
      "unchanged_count": 1,
      "total": 200,
      "n_layers": 2,
      "n_neurons": 22016,
      "desc": "Last 2 layer(s) — layers 29..30"
    },
    "patch_last_3_layers": {
      "baseline_mean": 5.0142614364624025,
      "patched_mean": 5.866046142578125,
      "chat_mean": -15.02359130859375,
      "causal_effect": -0.04250878160215443,
      "causal_score_raw": 0.8517847061157227,
      "causal_score_std": 8.388143348478152,
      "improved_count": 97,
      "degraded_count": 102,
      "unchanged_count": 1,
      "total": 200,
      "n_layers": 3,
      "n_neurons": 33024,
      "desc": "Last 3 layer(s) — layers 28..30"
    },
    "patch_last_4_layers": {
      "baseline_mean": 5.0142614364624025,
      "patched_mean": 6.0432217407226565,
      "chat_mean": -15.02359130859375,
      "causal_effect": -0.05135082672538976,
      "causal_score_raw": 1.028960304260254,
      "causal_score_std": 9.365295871047524,
      "improved_count": 86,
      "degraded_count": 113,
      "unchanged_count": 1,
      "total": 200,
      "n_layers": 4,
      "n_neurons": 44032,
      "desc": "Last 4 layer(s) — layers 27..30"
    },
    "patch_last_5_layers": {
      "baseline_mean": 5.0142614364624025,
      "patched_mean": 4.6644955825805665,
      "chat_mean": -15.02359130859375,
      "causal_effect": 0.017455256225901356,
      "causal_score_raw": -0.34976585388183595,
      "causal_score_std": 9.18585038003993,
      "improved_count": 92,
      "degraded_count": 107,
      "unchanged_count": 1,
      "total": 200,
      "n_layers": 5,
      "n_neurons": 55040,
      "desc": "Last 5 layer(s) — layers 26..30"
    },
    "patch_last_7_layers": {
      "baseline_mean": 5.0142614364624025,
      "patched_mean": 4.713324279785156,
      "chat_mean": -15.02359130859375,
      "causal_effect": 0.015018433387354587,
      "causal_score_raw": -0.3009371566772461,
      "causal_score_std": 8.006957387175891,
      "improved_count": 100,
      "degraded_count": 100,
      "unchanged_count": 0,
      "total": 200,
      "n_layers": 7,
      "n_neurons": 77056,
      "desc": "Last 7 layer(s) — layers 24..30"
    },
    "patch_last_10_layers": {
      "baseline_mean": 5.0142614364624025,
      "patched_mean": 0.022919921875,
      "chat_mean": -15.02359130859375,
      "causal_effect": 0.2490956280641843,
      "causal_score_raw": -4.991341514587402,
      "causal_score_std": 11.560921182998367,
      "improved_count": 128,
      "degraded_count": 72,
      "unchanged_count": 0,
      "total": 200,
      "n_layers": 10,
      "n_neurons": 110080,
      "desc": "Last 10 layer(s) — layers 21..30"
    },
    "patch_last_15_layers": {
      "baseline_mean": 5.0142614364624025,
      "patched_mean": -12.555567626953126,
      "chat_mean": -15.02359130859375,
      "causal_effect": 0.8768319283986379,
      "causal_score_raw": -17.569829063415526,
      "causal_score_std": 11.980546541308339,
      "improved_count": 187,
      "degraded_count": 13,
      "unchanged_count": 0,
      "total": 200,
      "n_layers": 15,
      "n_neurons": 165120,
      "desc": "Last 15 layer(s) — layers 16..30"
    },
    "patch_last_31_layers": {
      "baseline_mean": 5.0142614364624025,
      "patched_mean": -8.450535888671874,
      "chat_mean": -15.02359130859375,
      "causal_effect": 0.6719680744463193,
      "causal_score_raw": -13.464797325134278,
      "causal_score_std": 14.170381372268036,
      "improved_count": 157,
      "degraded_count": 43,
      "unchanged_count": 0,
      "total": 200,
      "n_layers": 31,
      "n_neurons": 341248,
      "desc": "Last 31 layer(s) — layers 0..30"
    }
  }
}